{
    "K": [
        [
            1278.1657745823627,
            0.0,
            967.8295069662445
        ],
        [
            0.0,
            1272.5897468814908,
            555.3842281151091
        ],
        [
            0.0,
            0.0,
            1.0
        ]
    ],
    "D": [
        [
            -0.2076637383529198
        ],
        [
            1.030599317733107
        ],
        [
            -3.7908023769516017
        ],
        [
            5.053001102562517
        ]
    ],
    "rms": 4.5256871228794955,
    "valid_images": 3,
    "img_shape": [
        1080,
        1920
    ]
}